{
	"status": "ok",
	"response": [{
			"years": [{
				"trackers": [{
						"uuid": "75B0C9D3200A716110AA4F882DC20A0BAC279B8CA0B0DFCD1",
						"curriculum": {
							"name": "National Curriculum England 2014 - NAHT Assessment Framework",
							"uuid": "70E1822E2008E7B3BC332F9D56873C0D010F0E7CC6A4BDF4"
						},
						"subject": {
							"uuid": "91364E8D20031F44E5244F062C65370F4736605C0C4B293B2",
							"name": "Art and Design",
							"source": "system",
							"enabled": true
						},
						"group": {
							"uuid": "EE093F3C20013BAF5B944FFCB2028602613D4CECD876FD343",
							"name": "Class 2",
							"type": "class",
							"policy_priority": 5,
							"users_read_only": false,
							"roles_read_only": false,
							"created_by": null,
							"created_on": 1453125129,
							"updated_by": null,
							"updated_on": 1453189177,
							"source": "local",
							"group_members": [

							],
							"hidden": false,
							"member_count": 29
						},
						"created_by_uuid": "AEBB466920005BA2486F0FC9F9AAC10FDF77900C90146CF64"
					}, {
						"uuid": "E936166D200A71020E0C0F1A02CE140A032E9D7C7AA84CEB5",
						"curriculum": {
							"name": "Rising Stars Progression Framework",
							"uuid": "ED5783F62008E54D3F9D5F8B48EE46058679BB9C0907BF8A6"
						},
						"subject": {
							"uuid": "91364EE520031CB80E753FE310D95207FE0C6B1CECB022E97",
							"name": "Mathematics",
							"source": "system",
							"enabled": true
						},
						"group": {
							"uuid": "E824756720013148C56DFFD7DD7A12021403CE0CEAB49ED28",
							"name": "Class 1",
							"type": "class",
							"policy_priority": 6,
							"users_read_only": false,
							"roles_read_only": false,
							"created_by": null,
							"created_on": 1453189156,
							"updated_by": null,
							"updated_on": null,
							"source": "local",
							"group_members": [

							],
							"hidden": false,
							"member_count": 5
						},
						"created_by_uuid": "AEBB466920005BA2486F0FC9F9AAC10FDF77900C90146CF69"
					}, {
						"uuid": "E912611D200A7B5484DDBF60A382A10023C5B81C92ACFD741",
						"curriculum": {
							"name": "Rising Stars Progression Framework",
							"uuid": "ED5783F62008E54D3F9D5F8B48EE46058679BB9C0907BF8A2"
						},
						"subject": {
							"uuid": "A6C4DB8F200316613650CF995B835C06B47CA22CDAAC2F623",
							"name": "Reading",
							"source": "system",
							"enabled": true
						},
						"group": {
							"uuid": "E824756720013148C56DFFD7DD7A12021403CE0CEAB49ED24",
							"name": "Class 1",
							"type": "class",
							"policy_priority": 6,
							"users_read_only": false,
							"roles_read_only": false,
							"created_by": null,
							"created_on": 1453189156,
							"updated_by": null,
							"updated_on": null,
							"source": "local",
							"group_members": [

							],
							"hidden": false,
							"member_count": 5
						},
						"created_by_uuid": "AEBB466920005BA2486F0FC9F9AAC10FDF77900C90146CF65"
					}, {
						"uuid": "E922B061200A71FF5F850FB9F28D9001B4DC560C3E96BE136",
						"curriculum": {
							"name": "Rising Stars Progression Framework",
							"uuid": "ED5783F62008E54D3F9D5F8B48EE46058679BB9C0907BF8A7"
						},
						"subject": {
							"uuid": "A6C4DB9E200311439945EF32051D26058C06563C5CA2D5368",
							"name": "Writing",
							"source": "system",
							"enabled": true
						},
						"group": {
							"uuid": "E824756720013148C56DFFD7DD7A12021403CE0CEAB49ED29",
							"name": "Class 1",
							"type": "class",
							"policy_priority": 6,
							"users_read_only": false,
							"roles_read_only": false,
							"created_by": null,
							"created_on": 1453189156,
							"updated_by": null,
							"updated_on": null,
							"source": "local",
							"group_members": [

							],
							"hidden": false,
							"member_count": 5
						},
						"created_by_uuid": "AEBB466920005BA2486F0FC9F9AAC10FDF77900C90146CF61"
					}
				],
				"year": {
					"uuid": "E38D757D2009048C451F4F71C1554E0BADAC8F7C10B2EF1D2",
					"name": "Year 1"
				}
			},
			{
					"trackers": [{
							"uuid": "C8B907F3200A7C1417076FF84060340F2B1EF5BC858AD27B3",
							"curriculum": {
								"name": "NAACE Computing",
								"uuid": "ED4FD5452008EEF5DB663FA30939900F649302BCA34816CB4"
							},
							"subject": {
								"uuid": "91364ED12003103FC455BF3B2AC45F0F6387D3FC2A258A055",
								"name": "Computing",
								"source": "system",
								"enabled": true
							},
							"group": {
								"uuid": "E824756720013148C56DFFD7DD7A12021403CE0CEAB49ED26",
								"name": "Class 1",
								"type": "class",
								"policy_priority": 6,
								"users_read_only": false,
								"roles_read_only": false,
								"created_by": null,
								"created_on": 1453189156,
								"updated_by": null,
								"updated_on": null,
								"source": "local",
								"group_members": [

								],
								"hidden": false,
								"member_count": 5
							},
							"created_by_uuid": "AEBB466920005BA2486F0FC9F9AAC10FDF77900C90146CF67"
						}, {
							"uuid": "E85D0F4C200A79567716AFDCBE3AF404557C4C4CC1F56E78",
							"curriculum": {
								"name": "Rising Stars Progression Framework",
								"uuid": "ED5783F62008E54D3F9D5F8B48EE46058679BB9C0907BF8A9"
							},
							"subject": {
								"uuid": "91364ED12003103FC455BF3B2AC45F0F6387D3FC2A258A051",
								"name": "Computing",
								"source": "system",
								"enabled": true
							},
							"group": {
								"uuid": "EE093F3C20013BAF5B944FFCB2028602613D4CECD876FD342",
								"name": "Class 2",
								"type": "class",
								"policy_priority": 5,
								"users_read_only": false,
								"roles_read_only": false,
								"created_by": null,
								"created_on": 1453125129,
								"updated_by": null,
								"updated_on": 1453189177,
								"source": "local",
								"group_members": [

								],
								"hidden": false,
								"member_count": 29
							},
							"created_by_uuid": "AEBB466920005BA2486F0FC9F9AAC10FDF77900C90146CF63"
						}, {
							"uuid": "E86E8507200A77774147DF5DB7DBFC037DDC5D9CFEAF6C024",
							"curriculum": {
								"name": "Rising Stars Progression Framework",
								"uuid": "ED5783F62008E54D3F9D5F8B48EE46058679BB9C0907BF8A5"
							},
							"subject": {
								"uuid": "91364EE520031CB80E753FE310D95207FE0C6B1CECB022E96",
								"name": "Mathematics",
								"source": "system",
								"enabled": true
							},
							"group": {
								"uuid": "EE093F3C20013BAF5B944FFCB2028602613D4CECD876FD347",
								"name": "Class 2",
								"type": "class",
								"policy_priority": 5,
								"users_read_only": false,
								"roles_read_only": false,
								"created_by": null,
								"created_on": 1453125129,
								"updated_by": null,
								"updated_on": 1453189177,
								"source": "local",
								"group_members": [

								],
								"hidden": false,
								"member_count": 29
							},
							"created_by_uuid": "AEBB466920005BA2486F0FC9F9AAC10FDF77900C90146CF68"
						}, {
							"uuid": "1BD06054200A7043092FBFCF7AF9270FE4D0F1DC368AC6719",
							"curriculum": {
								"name": "Rising Stars Progression Framework",
								"uuid": "ED5783F62008E54D3F9D5F8B48EE46058679BB9C0907BF8A1"
							},
							"subject": {
								"uuid": "A6C4DB8F200316613650CF995B835C06B47CA22CDAAC2F62",
								"name": "Reading",
								"source": "system",
								"enabled": true
							},
							"group": {
								"uuid": "EE093F3C20013BAF5B944FFCB2028602613D4CECD876FD342",
								"name": "Class 2",
								"type": "class",
								"policy_priority": 5,
								"users_read_only": false,
								"roles_read_only": false,
								"created_by": null,
								"created_on": 1453125129,
								"updated_by": null,
								"updated_on": 1453189177,
								"source": "local",
								"group_members": [

								],
								"hidden": false,
								"member_count": 29
							},
							"created_by_uuid": "AEBB466920005BA2486F0FC9F9AAC10FDF77900C90146CF63"
						}, {
							"uuid": "D1D509CC200A754C76FE0FC980F6DA0BE1AA7C8CA9BC03724",
							"curriculum": {
								"name": "Rising Stars Progression Framework",
								"uuid": "ED5783F62008E54D3F9D5F8B48EE46058679BB9C0907BF8A5"
							},
							"subject": {
								"uuid": "A6C4DB8F200316613650CF995B835C06B47CA22CDAAC2F626",
								"name": "Reading",
								"source": "system",
								"enabled": true
							},
							"group": {
								"uuid": "EE093F3C20013BAF5B944FFCB2028602613D4CECD876FD347",
								"name": "Class 2",
								"type": "class",
								"policy_priority": 5,
								"users_read_only": false,
								"roles_read_only": false,
								"created_by": null,
								"created_on": 1453125129,
								"updated_by": null,
								"updated_on": 1453189177,
								"source": "local",
								"group_members": [

								],
								"hidden": false,
								"member_count": 29
							},
							"created_by_uuid": "D185D3E3200058716235DFECB7C58C0604923B9CEBE143828"
						}, {
							"uuid": "E892B134200A70221D6EDF3A86D4B402511CFAAC917AC76E9",
							"curriculum": {
								"name": "Rising Stars Progression Framework",
								"uuid": "ED5783F62008E54D3F9D5F8B48EE46058679BB9C0907BF8A1"
							},
							"subject": {
								"uuid": "91364F1520031DB70162AFEE72134306E4B0D0CC582444B72",
								"name": "Science",
								"source": "system",
								"enabled": true
							},
							"group": {
								"uuid": "EE093F3C20013BAF5B944FFCB2028602613D4CECD876FD343",
								"name": "Class 2",
								"type": "class",
								"policy_priority": 5,
								"users_read_only": false,
								"roles_read_only": false,
								"created_by": null,
								"created_on": 1453125129,
								"updated_by": null,
								"updated_on": 1453189177,
								"source": "local",
								"group_members": [

								],
								"hidden": false,
								"member_count": 29
							},
							"created_by_uuid": "AEBB466920005BA2486F0FC9F9AAC10FDF77900C90146CF64"
						}, {
							"uuid": "E88226BA200A731A5E9B6F97C28F1F05A6499EBCA13400D15",
							"curriculum": {
								"name": "Rising Stars Progression Framework",
								"uuid": "ED5783F62008E54D3F9D5F8B48EE46058679BB9C0907BF8A6"
							},
							"subject": {
								"uuid": "A6C4DB9E200311439945EF32051D26058C06563C5CA2D5367",
								"name": "Writing",
								"source": "system",
								"enabled": true
							},
							"group": {
								"uuid": "EE093F3C20013BAF5B944FFCB2028602613D4CECD876FD348",
								"name": "Class 2",
								"type": "class",
								"policy_priority": 5,
								"users_read_only": false,
								"roles_read_only": false,
								"created_by": null,
								"created_on": 1453125129,
								"updated_by": null,
								"updated_on": 1453189177,
								"source": "local",
								"group_members": [

								],
								"hidden": false,
								"member_count": 29
							},
							"created_by_uuid": "AEBB466920005BA2486F0FC9F9AAC10FDF77900C90146CF69"
						}
					],
					"year": {
						"uuid": "E38D758920090CB38EBD5F151EBAEB0305DDD7CC4B0C6E2F1",
						"name": "Year 2"
					}
				}
			],
			"curriculum_type": {
				"uuid": "AA45156A200924C891166F202DA4960A661567FCF60162692",
				"name": "Key Stages",
				"path": "{\"curriculummanager\":\"year_group,subject,curriculum,subject_area\",\"reporting\":\"year_group,subject\",\"default\":\"year_group,year,subject,curriculum\"}",
				"template": null,
				"created_by": "ADE0C09320005574448F2F024A037A0FB20CDDCC0CCC88D93"
			}
		}
	],
	"request": {
		"url": "\/studenttracker\/getBy",
		"method": "get",
		"headers": {
			"Host": "future-demo.frogos.net",
			"X-Was-SSL": "true",
			"X-Forwarded-For": "203.34.117.5",
			"Connection": "close",
			"X-AuthType": "oauth_1_0_a",
			"Accept": "application\/json",
			"User-Agent": "FrogProgress\/39 (iPhone; iOS 9.2; Scale\/2.00)",
			"Accept-Language": "en-US;q=1",
			"Accept-Encoding": "*",
			"Authorization": "OAuth oauth_consumer_key=\"4llu4nfocc6csgkkw84oso8w45tp0z7a\", oauth_nonce=\"477CB744-E254-44DD-BC80-90705589FC38\", oauth_signature=\"ZHM71SlAdUhB6cnav%2FzDaupscMc%3D\", oauth_signature_method=\"HMAC-SHA1\", oauth_timestamp=\"1458555975\", oauth_token=\"98321a25218c203b24e22008ae86310273de9c81\", oauth_version=\"1.0\""
		},
		"params": [

		]
	}
}
