{
    "status": "ok",
    "response": {
      "users": {
        "EDF8BC4A20005534C195CF1748327D05F75EC9FC5642E0C4": {
          "uuid": "EDF8BC4A20005534C195CF1748327D05F75EC9FC5642E0C4",
          "username": "ChristianLee",
          "username_read_only": false,
          "displayname": "Christian Lee",
          "displayname_read_only": false,
          "company": {
            "uuid": "AA3A4B88200068313037DFC3DD42FB074B41977C1823EA7C",
            "key": "dcgqbrit2n4kgkcsc40ow4k8g",
            "name": "666"
          },
          "enabled": true,
          "enabled_read_only": false,
          "active": true,
          "active_read_only": false,
          "remote": false,
          "remote_read_only": false,
          "authentication": "Frog",
          "reset_password": false,
          "reset_password_read_only": false,
          "created": 1453125112,
          "updated": 1453132147,
          "source": "local",
          "profile": {
            "name": "Student",
            "uuid": "F26B467820013B45967A2FDDFEB3BA0367F743EC8B388A5E"
          },
          "pupil_number": null
        },
        "EDF8B7EC20005ACC5C40FF7D6E988801F5BAD83CBBCDB97F": {
          "uuid": "EDF8B7EC20005ACC5C40FF7D6E988801F5BAD83CBBCDB97F",
          "username": "BenRichards",
          "username_read_only": false,
          "displayname": "Ben Richards",
          "displayname_read_only": false,
          "company": {
            "uuid": "AA3A4B88200068313037DFC3DD42FB074B41977C1823EA7C",
            "key": "dcgqbrit2n4kgkcsc40ow4k8g",
            "name": "666"
          },
          "enabled": true,
          "enabled_read_only": false,
          "active": true,
          "active_read_only": false,
          "remote": false,
          "remote_read_only": false,
          "authentication": "Frog",
          "reset_password": false,
          "reset_password_read_only": false,
          "created": 1453125112,
          "updated": 1453132312,
          "source": "local",
          "profile": {
            "name": "Student",
            "uuid": "F26B467820013B45967A2FDDFEB3BA0367F743EC8B388A5E"
          },
          "pupil_number": null
        },
        "EDF8F78F2000569C64101F244AA20C0070D2A7FCB1939E19": {
          "uuid": "EDF8F78F2000569C64101F244AA20C0070D2A7FCB1939E19",
          "username": "ChadSanchez",
          "username_read_only": false,
          "displayname": "Chad Sanchez",
          "displayname_read_only": false,
          "company": {
            "uuid": "AA3A4B88200068313037DFC3DD42FB074B41977C1823EA7C",
            "key": "dcgqbrit2n4kgkcsc40ow4k8g",
            "name": "666"
          },
          "enabled": true,
          "enabled_read_only": false,
          "active": true,
          "active_read_only": false,
          "remote": false,
          "remote_read_only": false,
          "authentication": "Frog",
          "reset_password": false,
          "reset_password_read_only": false,
          "created": 1453125112,
          "updated": 1453132526,
          "source": "local",
          "profile": {
            "name": "Student",
            "uuid": "F26B467820013B45967A2FDDFEB3BA0367F743EC8B388A5E"
          },
          "pupil_number": null
        },
        "EDF8F9F8200050D57BD70F1B0BD1220584EF283CA6CA07CD": {
          "uuid": "EDF8F9F8200050D57BD70F1B0BD1220584EF283CA6CA07CD",
          "username": "SarahStephens",
          "username_read_only": false,
          "displayname": "Sarah Stephens",
          "displayname_read_only": false,
          "company": {
            "uuid": "AA3A4B88200068313037DFC3DD42FB074B41977C1823EA7C",
            "key": "dcgqbrit2n4kgkcsc40ow4k8g",
            "name": "666"
          },
          "enabled": true,
          "enabled_read_only": false,
          "active": true,
          "active_read_only": false,
          "remote": false,
          "remote_read_only": false,
          "authentication": "Frog",
          "reset_password": false,
          "reset_password_read_only": false,
          "created": 1453125112,
          "updated": 1453132351,
          "source": "local",
          "profile": {
            "name": "Student",
            "uuid": "F26B467820013B45967A2FDDFEB3BA0367F743EC8B388A5E"
          },
          "pupil_number": null
        },
        "EDF8AB8320005CF46FD85FB2057DC1040B6045FC145037CC": {
          "uuid": "EDF8AB8320005CF46FD85FB2057DC1040B6045FC145037CC",
          "username": "SarahYoung",
          "username_read_only": false,
          "displayname": "Sarah Young",
          "displayname_read_only": false,
          "company": {
            "uuid": "AA3A4B88200068313037DFC3DD42FB074B41977C1823EA7C",
            "key": "dcgqbrit2n4kgkcsc40ow4k8g",
            "name": "666"
          },
          "enabled": true,
          "enabled_read_only": false,
          "active": true,
          "active_read_only": false,
          "remote": false,
          "remote_read_only": false,
          "authentication": "Frog",
          "reset_password": false,
          "reset_password_read_only": false,
          "created": 1453125112,
          "updated": 1453132411,
          "source": "local",
          "profile": {
            "name": "Student",
            "uuid": "F26B467820013B45967A2FDDFEB3BA0367F743EC8B388A5E"
          },
          "pupil_number": null
        }
      },
      "objectives": {
        "1C79ABB4200919C06F760FC1B70B970AFE999D6C3D8B1046": {
          "objectives": [
            {
              "objective": {
                "uuid": "ED4FE2BB2008FDA9C8133FF462959C0968FAB98C4D1DB8F2",
                "description": "Understand that technologies\nexecute programs by following precise and unambiguous instructions.",
                "is_kpi": true,
                "parent_uuid": null,
                "is_import": true,
                "teaching_notes": null,
                "order": 1,
                "title": null,
                "reference": null,
                "phase": null,
                "is_deleted": false,
                "extended_data": [
                  
                ]
              },
              "children": [
                
              ]
            },
            {
              "objective": {
                "uuid": "ED4FE36D2008F0BA0E740F8A4733B80CF55C145C5B8A417B",
                "description": "Create and debug simple\nprograms.",
                "is_kpi": true,
                "parent_uuid": null,
                "is_import": true,
                "teaching_notes": null,
                "order": 2,
                "title": null,
                "reference": null,
                "phase": null,
                "is_deleted": false,
                "extended_data": [
                  
                ]
              },
              "children": [
                
              ]
            },
            {
              "objective": {
                "uuid": "ED4FE4222008FE269BEDDFDBC1ED2D0CA985303C2E22EA80",
                "description": "Use logical reasoning to\npredict the behaviour of simple programs.",
                "is_kpi": true,
                "parent_uuid": null,
                "is_import": true,
                "teaching_notes": null,
                "order": 3,
                "title": null,
                "reference": null,
                "phase": null,
                "is_deleted": false,
                "extended_data": [
                  
                ]
              },
              "children": [
                
              ]
            }
          ],
          "subject_area": {
            "uuid": "1C79ABB4200919C06F760FC1B70B970AFE999D6C3D8B1046",
            "name": "Computer science"
          }
        },
        "1C920459200917C241BB4FD0FD66370CC858EA2C48DD2E86": {
          "objectives": [
            {
              "objective": {
                "uuid": "ED4FEC0D2008F5447FEA6FB883B8E907DC44899CA7D54F27",
                "description": "Use\ntechnology purposefully to create digital content by combining different\ndigital media to communicate ideas",
                "is_kpi": true,
                "parent_uuid": null,
                "is_import": true,
                "teaching_notes": null,
                "order": 0,
                "title": null,
                "reference": null,
                "phase": null,
                "is_deleted": false,
                "extended_data": [
                  
                ]
              },
              "children": [
                
              ]
            },
            {
              "objective": {
                "uuid": "ED4FECC32008FCD062995FC6FC4A6F0F3886BD6C336319FA",
                "description": "Use technology\npurposefully to refine digital content for a specific audience.",
                "is_kpi": true,
                "parent_uuid": null,
                "is_import": true,
                "teaching_notes": null,
                "order": 1,
                "title": null,
                "reference": null,
                "phase": null,
                "is_deleted": false,
                "extended_data": [
                  
                ]
              },
              "children": [
                
              ]
            },
            {
              "objective": {
                "uuid": "ED4FED782008F22E7035BF7FF4279F0616BA705C340E0A4C",
                "description": "Choose an appropriate\nway to share digital content for a specific audience.",
                "is_kpi": true,
                "parent_uuid": null,
                "is_import": true,
                "teaching_notes": null,
                "order": 2,
                "title": null,
                "reference": null,
                "phase": null,
                "is_deleted": false,
                "extended_data": [
                  
                ]
              },
              "children": [
                
              ]
            },
            {
              "objective": {
                "uuid": "ED4FEE2F2008F52B65D2DF0B4B33070D0C71200C2E9287CC",
                "description": "Interpret and draw\nconclusions from graphs, discuss information contained and answer simple\nquestions.",
                "is_kpi": true,
                "parent_uuid": null,
                "is_import": true,
                "teaching_notes": null,
                "order": 3,
                "title": null,
                "reference": null,
                "phase": null,
                "is_deleted": false,
                "extended_data": [
                  
                ]
              },
              "children": [
                
              ]
            },
            {
              "objective": {
                "uuid": "ED4FEEE02008F406586A1FACA5E6090A6A2E48DC81F3A87A",
                "description": "Send, open and reply\nto an email from a known person, developing awareness of appropriate language.",
                "is_kpi": true,
                "parent_uuid": null,
                "is_import": true,
                "teaching_notes": null,
                "order": 4,
                "title": null,
                "reference": null,
                "phase": null,
                "is_deleted": false,
                "extended_data": [
                  
                ]
              },
              "children": [
                
              ]
            },
            {
              "objective": {
                "uuid": "ED4FEF932008F21BFF5D8FA5A9931F01230DA54C5FAE0D56",
                "description": "Contribute to a blog,\njournal or forum.",
                "is_kpi": true,
                "parent_uuid": null,
                "is_import": true,
                "teaching_notes": null,
                "order": 5,
                "title": null,
                "reference": null,
                "phase": null,
                "is_deleted": false,
                "extended_data": [
                  
                ]
              },
              "children": [
                
              ]
            }
          ],
          "subject_area": {
            "uuid": "1C920459200917C241BB4FD0FD66370CC858EA2C48DD2E86",
            "name": "Digital literacy"
          }
        },
        "5D9897672009167B9CFE3F07648DB9084597371C3291BC87": {
          "objectives": [
            {
              "objective": {
                "uuid": "ED4FF1B82008F0D53058CFE82B3CE10776CE71FC055BF03C",
                "description": "Understand that\ntechnologies can be used to communicate in a variety of ways and, to stay safe,\nthey need to used respectfully and safely.",
                "is_kpi": true,
                "parent_uuid": null,
                "is_import": true,
                "teaching_notes": null,
                "order": 1,
                "title": null,
                "reference": null,
                "phase": null,
                "is_deleted": false,
                "extended_data": [
                  
                ]
              },
              "children": [
                
              ]
            },
            {
              "objective": {
                "uuid": "ED4FF26D2008FFA38C025FD950AE1F0D2BA16C7CCA99E9E6",
                "description": "Know where to go for\nhelp to stay safe.",
                "is_kpi": true,
                "parent_uuid": null,
                "is_import": true,
                "teaching_notes": null,
                "order": 2,
                "title": null,
                "reference": null,
                "phase": null,
                "is_deleted": false,
                "extended_data": [
                  
                ]
              },
              "children": [
                
              ]
            }
          ],
          "subject_area": {
            "uuid": "5D9897672009167B9CFE3F07648DB9084597371C3291BC87",
            "name": "Esafety"
          }
        },
        "1C8640742009117F77241F7F529AC6030DEA21DCC379A921": {
          "objectives": [
            {
              "objective": {
                "uuid": "ED4FE6462008F61974514F4FAB64790500D7ADECC6C2BDDE",
                "description": "Use technology\npurposefully to create, organise, store, manipulate and retrieve digital\ncontent",
                "is_kpi": true,
                "parent_uuid": null,
                "is_import": true,
                "teaching_notes": null,
                "order": 0,
                "title": null,
                "reference": null,
                "phase": null,
                "is_deleted": false,
                "extended_data": [
                  
                ]
              },
              "children": [
                
              ]
            },
            {
              "objective": {
                "uuid": "ED4FE7032008F4259CFA6F43524624029B4F111C5C7CD6A2",
                "description": "Understand\nthat technologies execute programs following an instruction from the user",
                "is_kpi": true,
                "parent_uuid": null,
                "is_import": true,
                "teaching_notes": null,
                "order": 1,
                "title": null,
                "reference": null,
                "phase": null,
                "is_deleted": false,
                "extended_data": [
                  
                ]
              },
              "children": [
                
              ]
            },
            {
              "objective": {
                "uuid": "ED4FE7BA2008FBCDABD04F67E5568209D861425C1AF895DF",
                "description": "Identify\ndifferent ways technologies in and beyond school receive instructions that\ncause them to execute their programs",
                "is_kpi": true,
                "parent_uuid": null,
                "is_import": true,
                "teaching_notes": null,
                "order": 2,
                "title": null,
                "reference": null,
                "phase": null,
                "is_deleted": false,
                "extended_data": [
                  
                ]
              },
              "children": [
                
              ]
            },
            {
              "objective": {
                "uuid": "ED4FE8732008FA21AC2BDF2B4185980B9EB2C67C38CCC2CB",
                "description": "Explore\nsimulations of real and virtual environments, identifying the rules that\nunderpin them",
                "is_kpi": true,
                "parent_uuid": null,
                "is_import": true,
                "teaching_notes": null,
                "order": 3,
                "title": null,
                "reference": null,
                "phase": null,
                "is_deleted": false,
                "extended_data": [
                  
                ]
              },
              "children": [
                
              ]
            },
            {
              "objective": {
                "uuid": "ED4FE9242008FA97E367DF730FF7F708E9A2084C50B8D9C1",
                "description": "Independently save and retrieve work",
                "is_kpi": true,
                "parent_uuid": null,
                "is_import": true,
                "teaching_notes": null,
                "order": 4,
                "title": null,
                "reference": null,
                "phase": null,
                "is_deleted": false,
                "extended_data": [
                  
                ]
              },
              "children": [
                
              ]
            },
            {
              "objective": {
                "uuid": "ED4FE9E22008FFF04582DFAA57894907568637FCE6394963",
                "description": "Use a simple search\nengine to find information",
                "is_kpi": true,
                "parent_uuid": null,
                "is_import": true,
                "teaching_notes": null,
                "order": 5,
                "title": null,
                "reference": null,
                "phase": null,
                "is_deleted": false,
                "extended_data": [
                  
                ]
              },
              "children": [
                
              ]
            }
          ],
          "subject_area": {
            "uuid": "1C8640742009117F77241F7F529AC6030DEA21DCC379A921",
            "name": "Information technology"
          }
        }
      },
      "time_periods": {
        "C9DC6AA9200753C704997F17F92D7B0B555BEB7C794B9991": {
          "academic_year": {
            "uuid": "C9DC6AA9200753C704997F17F92D7B0B555BEB7C794B9991",
            "name": "2014\/2015",
            "start": "1409526000",
            "end": "1441580399",
            "created_on": "1453115868",
            "created_by": "ADE0C09320005574448F2F024A037A0FB20CDDCC0CCC88D9",
            "judgement_count": null,
            "periods": null
          },
          "periods": {
            "C9DC7B9E200A982E0BDD2F45C2ED680BF23BE97C1498F11F": {
              "uuid": "C9DC7B9E200A982E0BDD2F45C2ED680BF23BE97C1498F11F",
              "name": "Autumn 1",
              "start": "1409526000",
              "end": "1414972799",
              "created_on": "1453115868",
              "created_by": "ADE0C09320005574448F2F024A037A0FB20CDDCC0CCC88D9",
              "academic_year_uuid": "C9DC6AA9200753C704997F17F92D7B0B555BEB7C794B9991",
              "judgement_count": null
            },
            "C9DC8094200A93644BD1BFCE815E7D06395DCF3CB0F8A254": {
              "uuid": "C9DC8094200A93644BD1BFCE815E7D06395DCF3CB0F8A254",
              "name": "Autumn 2",
              "start": "1414972800",
              "end": "1420415999",
              "created_on": "1453115868",
              "created_by": "ADE0C09320005574448F2F024A037A0FB20CDDCC0CCC88D9",
              "academic_year_uuid": "C9DC6AA9200753C704997F17F92D7B0B555BEB7C794B9991",
              "judgement_count": null
            },
            "C9DC80CB200A99AF089D8F86D08A5B03534FDECCC2B59372": {
              "uuid": "C9DC80CB200A99AF089D8F86D08A5B03534FDECCC2B59372",
              "name": "Spring 1",
              "start": "1420416000",
              "end": "1424649599",
              "created_on": "1453115868",
              "created_by": "ADE0C09320005574448F2F024A037A0FB20CDDCC0CCC88D9",
              "academic_year_uuid": "C9DC6AA9200753C704997F17F92D7B0B555BEB7C794B9991",
              "judgement_count": null
            },
            "C9DC8105200A9B3F13E1EFFCE471D5027E6A10BCD63608BD": {
              "uuid": "C9DC8105200A9B3F13E1EFFCE471D5027E6A10BCD63608BD",
              "name": "Spring 2",
              "start": "1424649600",
              "end": "1428879599",
              "created_on": "1453115868",
              "created_by": "ADE0C09320005574448F2F024A037A0FB20CDDCC0CCC88D9",
              "academic_year_uuid": "C9DC6AA9200753C704997F17F92D7B0B555BEB7C794B9991",
              "judgement_count": null
            },
            "C9DC813A200A9A617C522FF01A516A0056C7F75CCBF4E67A": {
              "uuid": "C9DC813A200A9A617C522FF01A516A0056C7F75CCBF4E67A",
              "name": "Summer 1",
              "start": "1428879600",
              "end": "1433113199",
              "created_on": "1453115868",
              "created_by": "ADE0C09320005574448F2F024A037A0FB20CDDCC0CCC88D9",
              "academic_year_uuid": "C9DC6AA9200753C704997F17F92D7B0B555BEB7C794B9991",
              "judgement_count": null
            },
            "C9DC8174200A9DA22A9EFF9062C7D70EED3783CC265B104B": {
              "uuid": "C9DC8174200A9DA22A9EFF9062C7D70EED3783CC265B104B",
              "name": "Summer 2",
              "start": "1433113200",
              "end": "1441580399",
              "created_on": "1453115868",
              "created_by": "ADE0C09320005574448F2F024A037A0FB20CDDCC0CCC88D9",
              "academic_year_uuid": "C9DC6AA9200753C704997F17F92D7B0B555BEB7C794B9991",
              "judgement_count": null
            }
          }
        },
        "C9DC7B4320075A30C3333F059C3E2900F080B33CF5BFCE0F": {
          "academic_year": {
            "uuid": "C9DC7B4320075A30C3333F059C3E2900F080B33CF5BFCE0F",
            "name": "2015\/2016",
            "start": "1441580400",
            "end": "1473029999",
            "created_on": "1453115868",
            "created_by": "ADE0C09320005574448F2F024A037A0FB20CDDCC0CCC88D9",
            "judgement_count": null,
            "periods": null
          },
          "periods": {
            "C9DC81A9200A9889F42E7F74B9531F08A27262DCF6D397C4": {
              "uuid": "C9DC81A9200A9889F42E7F74B9531F08A27262DCF6D397C4",
              "name": "Autumn 1",
              "start": "1441580400",
              "end": "1446422399",
              "created_on": "1453115868",
              "created_by": "ADE0C09320005574448F2F024A037A0FB20CDDCC0CCC88D9",
              "academic_year_uuid": "C9DC7B4320075A30C3333F059C3E2900F080B33CF5BFCE0F",
              "judgement_count": null
            },
            "C9DC81E0200A9C8778DC3F9FD9C8620AED33AEBCABFB0ECE": {
              "uuid": "C9DC81E0200A9C8778DC3F9FD9C8620AED33AEBCABFB0ECE",
              "name": "Autumn 2",
              "start": "1446422400",
              "end": "1451865599",
              "created_on": "1453115868",
              "created_by": "ADE0C09320005574448F2F024A037A0FB20CDDCC0CCC88D9",
              "academic_year_uuid": "C9DC7B4320075A30C3333F059C3E2900F080B33CF5BFCE0F",
              "judgement_count": null
            },
            "C9DC8215200A9180BD4F4F15097CEB0AC6F4DB6C57FDB75F": {
              "uuid": "C9DC8215200A9180BD4F4F15097CEB0AC6F4DB6C57FDB75F",
              "name": "Spring 1",
              "start": "1451865600",
              "end": "1456099199",
              "created_on": "1453115868",
              "created_by": "ADE0C09320005574448F2F024A037A0FB20CDDCC0CCC88D9",
              "academic_year_uuid": "C9DC7B4320075A30C3333F059C3E2900F080B33CF5BFCE0F",
              "judgement_count": null
            },
            "C9DC824B200A9C418704CF994FD5F40662FC79ECEFA00551": {
              "uuid": "C9DC824B200A9C418704CF994FD5F40662FC79ECEFA00551",
              "name": "Spring 2",
              "start": "1456099200",
              "end": "1460329199",
              "created_on": "1453115868",
              "created_by": "ADE0C09320005574448F2F024A037A0FB20CDDCC0CCC88D9",
              "academic_year_uuid": "C9DC7B4320075A30C3333F059C3E2900F080B33CF5BFCE0F",
              "judgement_count": null
            },
            "C9DC8285200A9A34525EEF90C26D8C02C64A3D5C371CA2F8": {
              "uuid": "C9DC8285200A9A34525EEF90C26D8C02C64A3D5C371CA2F8",
              "name": "Summer 1",
              "start": "1460329200",
              "end": "1465167599",
              "created_on": "1453115868",
              "created_by": "ADE0C09320005574448F2F024A037A0FB20CDDCC0CCC88D9",
              "academic_year_uuid": "C9DC7B4320075A30C3333F059C3E2900F080B33CF5BFCE0F",
              "judgement_count": null
            },
            "C9DC82BE200A99F6D2E0CF2F27FACA0E51881F0C329A4315": {
              "uuid": "C9DC82BE200A99F6D2E0CF2F27FACA0E51881F0C329A4315",
              "name": "Summer 2",
              "start": "1465167600",
              "end": "1473029999",
              "created_on": "1453115868",
              "created_by": "ADE0C09320005574448F2F024A037A0FB20CDDCC0CCC88D9",
              "academic_year_uuid": "C9DC7B4320075A30C3333F059C3E2900F080B33CF5BFCE0F",
              "judgement_count": null
            }
          }
        }
      },
      "results": {
        "C9DC8215200A9180BD4F4F15097CEB0AC6F4DB6C57FDB75F": {
          "EDF8B7EC20005ACC5C40FF7D6E988801F5BAD83CBBCDB97F": {
            "ED4FE2BB2008FDA9C8133FF462959C0968FAB98C4D1DB8F2": [
              {
                "type": "student_tracker_status_type",
                "event": {
                  "uuid": "0D9F4046200A8059BFB6FF7AF0BA54045D73A13C70E14D7A",
                  "user_uuid": "EDF8B7EC20005ACC5C40FF7D6E988801F5BAD83CBBCDB97F",
                  "learning_objective_uuid": "ED4FE2BB2008FDA9C8133FF462959C0968FAB98C4D1DB8F2",
                  "item_uuid": "7CFD035E200A4641A670DF08EAF9870A03986F7C350172FA",
                  "comment": null,
                  "created_on": "1455099295",
                  "applied_on": "1456099199",
                  "created_by": "D185D3E3200058716235DFECB7C58C0604923B9CEBE14382",
                  "updated_on": null,
                  "updated_by": null
                },
                "item": {
                  "uuid": "7CFD035E200A4641A670DF08EAF9870A03986F7C350172FA",
                  "name": "Got it",
                  "value": "1.00",
                  "colour": "007878",
                  "is_editable": true,
                  "created_on": "1454341373",
                  "created_by": "AEBB466920005BA2486F0FC9F9AAC10FDF77900C90146CF6",
                  "display_order": "3",
                  "is_target": false,
                  "has_events": null
                }
              },
              {
                "type": "student_tracker_status_type",
                "event": {
                  "uuid": "EAF8D3DA200A8F7E32C81FB1ACA9920BC26B9E8C40433A23",
                  "user_uuid": "EDF8B7EC20005ACC5C40FF7D6E988801F5BAD83CBBCDB97F",
                  "learning_objective_uuid": "ED4FE2BB2008FDA9C8133FF462959C0968FAB98C4D1DB8F2",
                  "item_uuid": "1B9BCDD0200A479A2870AF4FA9B80C0583FF0C8C740733D4",
                  "comment": null,
                  "created_on": "1454500600",
                  "applied_on": "1456099199",
                  "created_by": "AEBB466920005BA2486F0FC9F9AAC10FDF77900C90146CF6",
                  "updated_on": null,
                  "updated_by": null
                },
                "item": {
                  "uuid": "1B9BCDD0200A479A2870AF4FA9B80C0583FF0C8C740733D4",
                  "name": "All Good",
                  "value": "1.00",
                  "colour": "5bce40",
                  "is_editable": true,
                  "created_on": "1454054299",
                  "created_by": "AEBB466920005BA2486F0FC9F9AAC10FDF77900C90146CF6",
                  "display_order": "2",
                  "is_target": true,
                  "has_events": null
                }
              },
              {
                "type": "student_tracker_status_type",
                "event": {
                  "uuid": "EAEDD3CF200A8B8BABB87FBEDC379A060622053CEB33CAD2",
                  "user_uuid": "EDF8B7EC20005ACC5C40FF7D6E988801F5BAD83CBBCDB97F",
                  "learning_objective_uuid": "ED4FE2BB2008FDA9C8133FF462959C0968FAB98C4D1DB8F2",
                  "item_uuid": "1B9BCDD0200A479A2870AF4FA9B80C0583FF0C8C740733D4",
                  "comment": null,
                  "created_on": "1454500589",
                  "applied_on": "1456099199",
                  "created_by": "AEBB466920005BA2486F0FC9F9AAC10FDF77900C90146CF6",
                  "updated_on": null,
                  "updated_by": null
                },
                "item": {
                  "uuid": "1B9BCDD0200A479A2870AF4FA9B80C0583FF0C8C740733D4",
                  "name": "All Good",
                  "value": "1.00",
                  "colour": "5bce40",
                  "is_editable": true,
                  "created_on": "1454054299",
                  "created_by": "AEBB466920005BA2486F0FC9F9AAC10FDF77900C90146CF6",
                  "display_order": "2",
                  "is_target": true,
                  "has_events": null
                }
              },
              {
                "type": "student_tracker_status_type",
                "event": {
                  "uuid": "1D781304200A82AEE6112F19456F6F0C8412131C97CF0226",
                  "user_uuid": "EDF8B7EC20005ACC5C40FF7D6E988801F5BAD83CBBCDB97F",
                  "learning_objective_uuid": "ED4FE2BB2008FDA9C8133FF462959C0968FAB98C4D1DB8F2",
                  "item_uuid": "54BD732E200A4DD528CD9F420735D60D9B9CE18C411E0E51",
                  "comment": null,
                  "created_on": "1454054776",
                  "applied_on": "1456099199",
                  "created_by": "AEBB466920005BA2486F0FC9F9AAC10FDF77900C90146CF6",
                  "updated_on": null,
                  "updated_by": null
                },
                "item": {
                  "uuid": "54BD732E200A4DD528CD9F420735D60D9B9CE18C411E0E51",
                  "name": "Problem",
                  "value": "0.00",
                  "colour": "ff0000",
                  "is_editable": true,
                  "created_on": "1453107752",
                  "created_by": null,
                  "display_order": "1",
                  "is_target": false,
                  "has_events": null
                }
              }
            ],
            "ED4FE4222008FE269BEDDFDBC1ED2D0CA985303C2E22EA80": [
              {
                "type": "student_tracker_status_type",
                "event": {
                  "uuid": "EB1C10DC200A8544DB986F4C9ECCDA0A959D13DCCBFE4CE2",
                  "user_uuid": "EDF8B7EC20005ACC5C40FF7D6E988801F5BAD83CBBCDB97F",
                  "learning_objective_uuid": "ED4FE4222008FE269BEDDFDBC1ED2D0CA985303C2E22EA80",
                  "item_uuid": "54BD732E200A4DD528CD9F420735D60D9B9CE18C411E0E51",
                  "comment": null,
                  "created_on": "1454500636",
                  "applied_on": "1456099199",
                  "created_by": "AEBB466920005BA2486F0FC9F9AAC10FDF77900C90146CF6",
                  "updated_on": null,
                  "updated_by": null
                },
                "item": {
                  "uuid": "54BD732E200A4DD528CD9F420735D60D9B9CE18C411E0E51",
                  "name": "Problem",
                  "value": "0.00",
                  "colour": "ff0000",
                  "is_editable": true,
                  "created_on": "1453107752",
                  "created_by": null,
                  "display_order": "1",
                  "is_target": false,
                  "has_events": null
                }
              }
            ],
            "ED4FE36D2008F0BA0E740F8A4733B80CF55C145C5B8A417B": [
              {
                "type": "student_tracker_status_type",
                "event": {
                  "uuid": "93C0D9D5200A88889B023F814473CD016DEB0EFCC7094543",
                  "user_uuid": "EDF8B7EC20005ACC5C40FF7D6E988801F5BAD83CBBCDB97F",
                  "learning_objective_uuid": "ED4FE36D2008F0BA0E740F8A4733B80CF55C145C5B8A417B",
                  "item_uuid": "54BD732E200A4DD528CD9F420735D60D9B9CE18C411E0E51",
                  "comment": null,
                  "created_on": "1454478272",
                  "applied_on": "1456099199",
                  "created_by": "D185D3E3200058716235DFECB7C58C0604923B9CEBE14382",
                  "updated_on": null,
                  "updated_by": null
                },
                "item": {
                  "uuid": "54BD732E200A4DD528CD9F420735D60D9B9CE18C411E0E51",
                  "name": "Problem",
                  "value": "0.00",
                  "colour": "ff0000",
                  "is_editable": true,
                  "created_on": "1453107752",
                  "created_by": null,
                  "display_order": "1",
                  "is_target": false,
                  "has_events": null
                }
              },
              {
                "type": "student_tracker_status_type",
                "event": {
                  "uuid": "1D7C4909200A86C9E7641FFDD9CA1F0FA0A4B73CA232DED1",
                  "user_uuid": "EDF8B7EC20005ACC5C40FF7D6E988801F5BAD83CBBCDB97F",
                  "learning_objective_uuid": "ED4FE36D2008F0BA0E740F8A4733B80CF55C145C5B8A417B",
                  "item_uuid": "1B9BCDD0200A479A2870AF4FA9B80C0583FF0C8C740733D4",
                  "comment": null,
                  "created_on": "1454054780",
                  "applied_on": "1456099199",
                  "created_by": "AEBB466920005BA2486F0FC9F9AAC10FDF77900C90146CF6",
                  "updated_on": null,
                  "updated_by": null
                },
                "item": {
                  "uuid": "1B9BCDD0200A479A2870AF4FA9B80C0583FF0C8C740733D4",
                  "name": "All Good",
                  "value": "1.00",
                  "colour": "5bce40",
                  "is_editable": true,
                  "created_on": "1454054299",
                  "created_by": "AEBB466920005BA2486F0FC9F9AAC10FDF77900C90146CF6",
                  "display_order": "2",
                  "is_target": true,
                  "has_events": null
                }
              }
            ]
          },
          "EDF8AB8320005CF46FD85FB2057DC1040B6045FC145037CC": {
            "ED4FE4222008FE269BEDDFDBC1ED2D0CA985303C2E22EA80": [
              {
                "type": "student_tracker_status_type",
                "event": {
                  "uuid": "EB487A39200A80C54701FFA72E4CF10362D20BDC75603A6F",
                  "user_uuid": "EDF8AB8320005CF46FD85FB2057DC1040B6045FC145037CC",
                  "learning_objective_uuid": "ED4FE4222008FE269BEDDFDBC1ED2D0CA985303C2E22EA80",
                  "item_uuid": "1B9BCDD0200A479A2870AF4FA9B80C0583FF0C8C740733D4",
                  "comment": null,
                  "created_on": "1454500680",
                  "applied_on": "1456099199",
                  "created_by": "AEBB466920005BA2486F0FC9F9AAC10FDF77900C90146CF6",
                  "updated_on": null,
                  "updated_by": null
                },
                "item": {
                  "uuid": "1B9BCDD0200A479A2870AF4FA9B80C0583FF0C8C740733D4",
                  "name": "All Good",
                  "value": "1.00",
                  "colour": "5bce40",
                  "is_editable": true,
                  "created_on": "1454054299",
                  "created_by": "AEBB466920005BA2486F0FC9F9AAC10FDF77900C90146CF6",
                  "display_order": "2",
                  "is_target": true,
                  "has_events": null
                }
              }
            ],
            "ED4FE2BB2008FDA9C8133FF462959C0968FAB98C4D1DB8F2": [
              {
                "type": "student_tracker_status_type",
                "event": {
                  "uuid": "EAF8D47D200A873635717F745065A1096F5D638C8CBBF34A",
                  "user_uuid": "EDF8AB8320005CF46FD85FB2057DC1040B6045FC145037CC",
                  "learning_objective_uuid": "ED4FE2BB2008FDA9C8133FF462959C0968FAB98C4D1DB8F2",
                  "item_uuid": "1B9BCDD0200A479A2870AF4FA9B80C0583FF0C8C740733D4",
                  "comment": null,
                  "created_on": "1454500600",
                  "applied_on": "1456099199",
                  "created_by": "AEBB466920005BA2486F0FC9F9AAC10FDF77900C90146CF6",
                  "updated_on": null,
                  "updated_by": null
                },
                "item": {
                  "uuid": "1B9BCDD0200A479A2870AF4FA9B80C0583FF0C8C740733D4",
                  "name": "All Good",
                  "value": "1.00",
                  "colour": "5bce40",
                  "is_editable": true,
                  "created_on": "1454054299",
                  "created_by": "AEBB466920005BA2486F0FC9F9AAC10FDF77900C90146CF6",
                  "display_order": "2",
                  "is_target": true,
                  "has_events": null
                }
              },
              {
                "type": "student_tracker_status_type",
                "event": {
                  "uuid": "EAEDD466200A8E8AB7676F73A874CE079D5F6D7C885CFEEB",
                  "user_uuid": "EDF8AB8320005CF46FD85FB2057DC1040B6045FC145037CC",
                  "learning_objective_uuid": "ED4FE2BB2008FDA9C8133FF462959C0968FAB98C4D1DB8F2",
                  "item_uuid": "1B9BCDD0200A479A2870AF4FA9B80C0583FF0C8C740733D4",
                  "comment": null,
                  "created_on": "1454500589",
                  "applied_on": "1456099199",
                  "created_by": "AEBB466920005BA2486F0FC9F9AAC10FDF77900C90146CF6",
                  "updated_on": null,
                  "updated_by": null
                },
                "item": {
                  "uuid": "1B9BCDD0200A479A2870AF4FA9B80C0583FF0C8C740733D4",
                  "name": "All Good",
                  "value": "1.00",
                  "colour": "5bce40",
                  "is_editable": true,
                  "created_on": "1454054299",
                  "created_by": "AEBB466920005BA2486F0FC9F9AAC10FDF77900C90146CF6",
                  "display_order": "2",
                  "is_target": true,
                  "has_events": null
                }
              },
              {
                "type": "student_tracker_status_type",
                "event": {
                  "uuid": "1D7813A2200A80CD64CBDF6782AC3B050F01DFFCE04B6D11",
                  "user_uuid": "EDF8AB8320005CF46FD85FB2057DC1040B6045FC145037CC",
                  "learning_objective_uuid": "ED4FE2BB2008FDA9C8133FF462959C0968FAB98C4D1DB8F2",
                  "item_uuid": "54BD732E200A4DD528CD9F420735D60D9B9CE18C411E0E51",
                  "comment": null,
                  "created_on": "1454054776",
                  "applied_on": "1456099199",
                  "created_by": "AEBB466920005BA2486F0FC9F9AAC10FDF77900C90146CF6",
                  "updated_on": null,
                  "updated_by": null
                },
                "item": {
                  "uuid": "54BD732E200A4DD528CD9F420735D60D9B9CE18C411E0E51",
                  "name": "Problem",
                  "value": "0.00",
                  "colour": "ff0000",
                  "is_editable": true,
                  "created_on": "1453107752",
                  "created_by": null,
                  "display_order": "1",
                  "is_target": false,
                  "has_events": null
                }
              }
            ],
            "ED4FE36D2008F0BA0E740F8A4733B80CF55C145C5B8A417B": [
              {
                "type": "student_tracker_status_type",
                "event": {
                  "uuid": "1D7C49A3200A86022A217F06045A8C0F8E19871CA03CA051",
                  "user_uuid": "EDF8AB8320005CF46FD85FB2057DC1040B6045FC145037CC",
                  "learning_objective_uuid": "ED4FE36D2008F0BA0E740F8A4733B80CF55C145C5B8A417B",
                  "item_uuid": "1B9BCDD0200A479A2870AF4FA9B80C0583FF0C8C740733D4",
                  "comment": null,
                  "created_on": "1454054780",
                  "applied_on": "1456099199",
                  "created_by": "AEBB466920005BA2486F0FC9F9AAC10FDF77900C90146CF6",
                  "updated_on": null,
                  "updated_by": null
                },
                "item": {
                  "uuid": "1B9BCDD0200A479A2870AF4FA9B80C0583FF0C8C740733D4",
                  "name": "All Good",
                  "value": "1.00",
                  "colour": "5bce40",
                  "is_editable": true,
                  "created_on": "1454054299",
                  "created_by": "AEBB466920005BA2486F0FC9F9AAC10FDF77900C90146CF6",
                  "display_order": "2",
                  "is_target": true,
                  "has_events": null
                }
              }
            ]
          },
          "EDF8F9F8200050D57BD70F1B0BD1220584EF283CA6CA07CD": {
            "ED4FE4222008FE269BEDDFDBC1ED2D0CA985303C2E22EA80": [
              {
                "type": "student_tracker_status_type",
                "event": {
                  "uuid": "EB45804E200A8EF8E2570F7AA7192A0EC27D329CB113D93D",
                  "user_uuid": "EDF8F9F8200050D57BD70F1B0BD1220584EF283CA6CA07CD",
                  "learning_objective_uuid": "ED4FE4222008FE269BEDDFDBC1ED2D0CA985303C2E22EA80",
                  "item_uuid": "1B9BCDD0200A479A2870AF4FA9B80C0583FF0C8C740733D4",
                  "comment": null,
                  "created_on": "1454500677",
                  "applied_on": "1456099199",
                  "created_by": "AEBB466920005BA2486F0FC9F9AAC10FDF77900C90146CF6",
                  "updated_on": null,
                  "updated_by": null
                },
                "item": {
                  "uuid": "1B9BCDD0200A479A2870AF4FA9B80C0583FF0C8C740733D4",
                  "name": "All Good",
                  "value": "1.00",
                  "colour": "5bce40",
                  "is_editable": true,
                  "created_on": "1454054299",
                  "created_by": "AEBB466920005BA2486F0FC9F9AAC10FDF77900C90146CF6",
                  "display_order": "2",
                  "is_target": true,
                  "has_events": null
                }
              }
            ],
            "ED4FE2BB2008FDA9C8133FF462959C0968FAB98C4D1DB8F2": [
              {
                "type": "student_tracker_status_type",
                "event": {
                  "uuid": "EAF8D446200A8C7F7FB7BFBF4BBA9E0ADB28F46C38A2E321",
                  "user_uuid": "EDF8F9F8200050D57BD70F1B0BD1220584EF283CA6CA07CD",
                  "learning_objective_uuid": "ED4FE2BB2008FDA9C8133FF462959C0968FAB98C4D1DB8F2",
                  "item_uuid": "1B9BCDD0200A479A2870AF4FA9B80C0583FF0C8C740733D4",
                  "comment": null,
                  "created_on": "1454500600",
                  "applied_on": "1456099199",
                  "created_by": "AEBB466920005BA2486F0FC9F9AAC10FDF77900C90146CF6",
                  "updated_on": null,
                  "updated_by": null
                },
                "item": {
                  "uuid": "1B9BCDD0200A479A2870AF4FA9B80C0583FF0C8C740733D4",
                  "name": "All Good",
                  "value": "1.00",
                  "colour": "5bce40",
                  "is_editable": true,
                  "created_on": "1454054299",
                  "created_by": "AEBB466920005BA2486F0FC9F9AAC10FDF77900C90146CF6",
                  "display_order": "2",
                  "is_target": true,
                  "has_events": null
                }
              },
              {
                "type": "student_tracker_status_type",
                "event": {
                  "uuid": "EAEDD436200A8DEDBC90AFA5A9615508A57C350CD7AF05E6",
                  "user_uuid": "EDF8F9F8200050D57BD70F1B0BD1220584EF283CA6CA07CD",
                  "learning_objective_uuid": "ED4FE2BB2008FDA9C8133FF462959C0968FAB98C4D1DB8F2",
                  "item_uuid": "1B9BCDD0200A479A2870AF4FA9B80C0583FF0C8C740733D4",
                  "comment": null,
                  "created_on": "1454500589",
                  "applied_on": "1456099199",
                  "created_by": "AEBB466920005BA2486F0FC9F9AAC10FDF77900C90146CF6",
                  "updated_on": null,
                  "updated_by": null
                },
                "item": {
                  "uuid": "1B9BCDD0200A479A2870AF4FA9B80C0583FF0C8C740733D4",
                  "name": "All Good",
                  "value": "1.00",
                  "colour": "5bce40",
                  "is_editable": true,
                  "created_on": "1454054299",
                  "created_by": "AEBB466920005BA2486F0FC9F9AAC10FDF77900C90146CF6",
                  "display_order": "2",
                  "is_target": true,
                  "has_events": null
                }
              },
              {
                "type": "student_tracker_status_type",
                "event": {
                  "uuid": "1D78136D200A888D8C01CFB461E62C0BAD9A702CCB082FB8",
                  "user_uuid": "EDF8F9F8200050D57BD70F1B0BD1220584EF283CA6CA07CD",
                  "learning_objective_uuid": "ED4FE2BB2008FDA9C8133FF462959C0968FAB98C4D1DB8F2",
                  "item_uuid": "54BD732E200A4DD528CD9F420735D60D9B9CE18C411E0E51",
                  "comment": null,
                  "created_on": "1454054776",
                  "applied_on": "1456099199",
                  "created_by": "AEBB466920005BA2486F0FC9F9AAC10FDF77900C90146CF6",
                  "updated_on": null,
                  "updated_by": null
                },
                "item": {
                  "uuid": "54BD732E200A4DD528CD9F420735D60D9B9CE18C411E0E51",
                  "name": "Problem",
                  "value": "0.00",
                  "colour": "ff0000",
                  "is_editable": true,
                  "created_on": "1453107752",
                  "created_by": null,
                  "display_order": "1",
                  "is_target": false,
                  "has_events": null
                }
              }
            ],
            "ED4FE36D2008F0BA0E740F8A4733B80CF55C145C5B8A417B": [
              {
                "type": "student_tracker_status_type",
                "event": {
                  "uuid": "1D7C4975200A8B9003200F4FE9059B0ABCCD338C6AB73E92",
                  "user_uuid": "EDF8F9F8200050D57BD70F1B0BD1220584EF283CA6CA07CD",
                  "learning_objective_uuid": "ED4FE36D2008F0BA0E740F8A4733B80CF55C145C5B8A417B",
                  "item_uuid": "1B9BCDD0200A479A2870AF4FA9B80C0583FF0C8C740733D4",
                  "comment": null,
                  "created_on": "1454054780",
                  "applied_on": "1456099199",
                  "created_by": "AEBB466920005BA2486F0FC9F9AAC10FDF77900C90146CF6",
                  "updated_on": null,
                  "updated_by": null
                },
                "item": {
                  "uuid": "1B9BCDD0200A479A2870AF4FA9B80C0583FF0C8C740733D4",
                  "name": "All Good",
                  "value": "1.00",
                  "colour": "5bce40",
                  "is_editable": true,
                  "created_on": "1454054299",
                  "created_by": "AEBB466920005BA2486F0FC9F9AAC10FDF77900C90146CF6",
                  "display_order": "2",
                  "is_target": true,
                  "has_events": null
                }
              }
            ]
          },
          "EDF8F78F2000569C64101F244AA20C0070D2A7FCB1939E19": {
            "ED4FE4222008FE269BEDDFDBC1ED2D0CA985303C2E22EA80": [
              {
                "type": "student_tracker_status_type",
                "event": {
                  "uuid": "EB1F6A6F200A8BF1518DFF7693DF9C0CF8B57D0CEE80BCB1",
                  "user_uuid": "EDF8F78F2000569C64101F244AA20C0070D2A7FCB1939E19",
                  "learning_objective_uuid": "ED4FE4222008FE269BEDDFDBC1ED2D0CA985303C2E22EA80",
                  "item_uuid": "54BD732E200A4DD528CD9F420735D60D9B9CE18C411E0E51",
                  "comment": null,
                  "created_on": "1454500639",
                  "applied_on": "1456099199",
                  "created_by": "AEBB466920005BA2486F0FC9F9AAC10FDF77900C90146CF6",
                  "updated_on": null,
                  "updated_by": null
                },
                "item": {
                  "uuid": "54BD732E200A4DD528CD9F420735D60D9B9CE18C411E0E51",
                  "name": "Problem",
                  "value": "0.00",
                  "colour": "ff0000",
                  "is_editable": true,
                  "created_on": "1453107752",
                  "created_by": null,
                  "display_order": "1",
                  "is_target": false,
                  "has_events": null
                }
              }
            ],
            "ED4FE2BB2008FDA9C8133FF462959C0968FAB98C4D1DB8F2": [
              {
                "type": "student_tracker_status_type",
                "event": {
                  "uuid": "EAF8D40E200A8D4E376EEFD31E643B09E0596D8CF4DF6967",
                  "user_uuid": "EDF8F78F2000569C64101F244AA20C0070D2A7FCB1939E19",
                  "learning_objective_uuid": "ED4FE2BB2008FDA9C8133FF462959C0968FAB98C4D1DB8F2",
                  "item_uuid": "1B9BCDD0200A479A2870AF4FA9B80C0583FF0C8C740733D4",
                  "comment": null,
                  "created_on": "1454500600",
                  "applied_on": "1456099199",
                  "created_by": "AEBB466920005BA2486F0FC9F9AAC10FDF77900C90146CF6",
                  "updated_on": null,
                  "updated_by": null
                },
                "item": {
                  "uuid": "1B9BCDD0200A479A2870AF4FA9B80C0583FF0C8C740733D4",
                  "name": "All Good",
                  "value": "1.00",
                  "colour": "5bce40",
                  "is_editable": true,
                  "created_on": "1454054299",
                  "created_by": "AEBB466920005BA2486F0FC9F9AAC10FDF77900C90146CF6",
                  "display_order": "2",
                  "is_target": true,
                  "has_events": null
                }
              },
              {
                "type": "student_tracker_status_type",
                "event": {
                  "uuid": "EAEDD400200A84AD9EE68F9A414D4D0041E4951C3FDDED67",
                  "user_uuid": "EDF8F78F2000569C64101F244AA20C0070D2A7FCB1939E19",
                  "learning_objective_uuid": "ED4FE2BB2008FDA9C8133FF462959C0968FAB98C4D1DB8F2",
                  "item_uuid": "1B9BCDD0200A479A2870AF4FA9B80C0583FF0C8C740733D4",
                  "comment": null,
                  "created_on": "1454500589",
                  "applied_on": "1456099199",
                  "created_by": "AEBB466920005BA2486F0FC9F9AAC10FDF77900C90146CF6",
                  "updated_on": null,
                  "updated_by": null
                },
                "item": {
                  "uuid": "1B9BCDD0200A479A2870AF4FA9B80C0583FF0C8C740733D4",
                  "name": "All Good",
                  "value": "1.00",
                  "colour": "5bce40",
                  "is_editable": true,
                  "created_on": "1454054299",
                  "created_by": "AEBB466920005BA2486F0FC9F9AAC10FDF77900C90146CF6",
                  "display_order": "2",
                  "is_target": true,
                  "has_events": null
                }
              },
              {
                "type": "student_tracker_status_type",
                "event": {
                  "uuid": "1D781337200A8931443EDF630251840EE63ED02C8272B3B6",
                  "user_uuid": "EDF8F78F2000569C64101F244AA20C0070D2A7FCB1939E19",
                  "learning_objective_uuid": "ED4FE2BB2008FDA9C8133FF462959C0968FAB98C4D1DB8F2",
                  "item_uuid": "54BD732E200A4DD528CD9F420735D60D9B9CE18C411E0E51",
                  "comment": null,
                  "created_on": "1454054776",
                  "applied_on": "1456099199",
                  "created_by": "AEBB466920005BA2486F0FC9F9AAC10FDF77900C90146CF6",
                  "updated_on": null,
                  "updated_by": null
                },
                "item": {
                  "uuid": "54BD732E200A4DD528CD9F420735D60D9B9CE18C411E0E51",
                  "name": "Problem",
                  "value": "0.00",
                  "colour": "ff0000",
                  "is_editable": true,
                  "created_on": "1453107752",
                  "created_by": null,
                  "display_order": "1",
                  "is_target": false,
                  "has_events": null
                }
              }
            ],
            "ED4FE36D2008F0BA0E740F8A4733B80CF55C145C5B8A417B": [
              {
                "type": "student_tracker_status_type",
                "event": {
                  "uuid": "1D7C4942200A87ECD8CBBF37611A8709CF4A555CBF740387",
                  "user_uuid": "EDF8F78F2000569C64101F244AA20C0070D2A7FCB1939E19",
                  "learning_objective_uuid": "ED4FE36D2008F0BA0E740F8A4733B80CF55C145C5B8A417B",
                  "item_uuid": "1B9BCDD0200A479A2870AF4FA9B80C0583FF0C8C740733D4",
                  "comment": null,
                  "created_on": "1454054780",
                  "applied_on": "1456099199",
                  "created_by": "AEBB466920005BA2486F0FC9F9AAC10FDF77900C90146CF6",
                  "updated_on": null,
                  "updated_by": null
                },
                "item": {
                  "uuid": "1B9BCDD0200A479A2870AF4FA9B80C0583FF0C8C740733D4",
                  "name": "All Good",
                  "value": "1.00",
                  "colour": "5bce40",
                  "is_editable": true,
                  "created_on": "1454054299",
                  "created_by": "AEBB466920005BA2486F0FC9F9AAC10FDF77900C90146CF6",
                  "display_order": "2",
                  "is_target": true,
                  "has_events": null
                }
              }
            ]
          },
          "EDF8BC4A20005534C195CF1748327D05F75EC9FC5642E0C4": {
            "ED4FE4222008FE269BEDDFDBC1ED2D0CA985303C2E22EA80": [
              {
                "type": "student_tracker_status_type",
                "event": {
                  "uuid": "EB0C6E32200A88BC8DAEDF261662E706B8D2E45C71A3C2B1",
                  "user_uuid": "EDF8BC4A20005534C195CF1748327D05F75EC9FC5642E0C4",
                  "learning_objective_uuid": "ED4FE4222008FE269BEDDFDBC1ED2D0CA985303C2E22EA80",
                  "item_uuid": "54BD732E200A4DD528CD9F420735D60D9B9CE18C411E0E51",
                  "comment": null,
                  "created_on": "1454500620",
                  "applied_on": "1456099199",
                  "created_by": "AEBB466920005BA2486F0FC9F9AAC10FDF77900C90146CF6",
                  "updated_on": null,
                  "updated_by": null
                },
                "item": {
                  "uuid": "54BD732E200A4DD528CD9F420735D60D9B9CE18C411E0E51",
                  "name": "Problem",
                  "value": "0.00",
                  "colour": "ff0000",
                  "is_editable": true,
                  "created_on": "1453107752",
                  "created_by": null,
                  "display_order": "1",
                  "is_target": false,
                  "has_events": null
                }
              }
            ],
            "ED4FE2BB2008FDA9C8133FF462959C0968FAB98C4D1DB8F2": [
              {
                "type": "student_tracker_status_type",
                "event": {
                  "uuid": "EAF8D344200A8DFA9B389F7D81DBD907F248A88C82D91C04",
                  "user_uuid": "EDF8BC4A20005534C195CF1748327D05F75EC9FC5642E0C4",
                  "learning_objective_uuid": "ED4FE2BB2008FDA9C8133FF462959C0968FAB98C4D1DB8F2",
                  "item_uuid": "1B9BCDD0200A479A2870AF4FA9B80C0583FF0C8C740733D4",
                  "comment": null,
                  "created_on": "1454500600",
                  "applied_on": "1456099199",
                  "created_by": "AEBB466920005BA2486F0FC9F9AAC10FDF77900C90146CF6",
                  "updated_on": null,
                  "updated_by": null
                },
                "item": {
                  "uuid": "1B9BCDD0200A479A2870AF4FA9B80C0583FF0C8C740733D4",
                  "name": "All Good",
                  "value": "1.00",
                  "colour": "5bce40",
                  "is_editable": true,
                  "created_on": "1454054299",
                  "created_by": "AEBB466920005BA2486F0FC9F9AAC10FDF77900C90146CF6",
                  "display_order": "2",
                  "is_target": true,
                  "has_events": null
                }
              },
              {
                "type": "student_tracker_status_type",
                "event": {
                  "uuid": "EAEDD0EA200A82D877375F406A4FCE019154B73C49417162",
                  "user_uuid": "EDF8BC4A20005534C195CF1748327D05F75EC9FC5642E0C4",
                  "learning_objective_uuid": "ED4FE2BB2008FDA9C8133FF462959C0968FAB98C4D1DB8F2",
                  "item_uuid": "1B9BCDD0200A479A2870AF4FA9B80C0583FF0C8C740733D4",
                  "comment": null,
                  "created_on": "1454500589",
                  "applied_on": "1456099199",
                  "created_by": "AEBB466920005BA2486F0FC9F9AAC10FDF77900C90146CF6",
                  "updated_on": null,
                  "updated_by": null
                },
                "item": {
                  "uuid": "1B9BCDD0200A479A2870AF4FA9B80C0583FF0C8C740733D4",
                  "name": "All Good",
                  "value": "1.00",
                  "colour": "5bce40",
                  "is_editable": true,
                  "created_on": "1454054299",
                  "created_by": "AEBB466920005BA2486F0FC9F9AAC10FDF77900C90146CF6",
                  "display_order": "2",
                  "is_target": true,
                  "has_events": null
                }
              },
              {
                "type": "student_tracker_status_type",
                "event": {
                  "uuid": "1D781268200A89CABE1EAF062CC38702D4D753EC1EA95161",
                  "user_uuid": "EDF8BC4A20005534C195CF1748327D05F75EC9FC5642E0C4",
                  "learning_objective_uuid": "ED4FE2BB2008FDA9C8133FF462959C0968FAB98C4D1DB8F2",
                  "item_uuid": "54BD732E200A4DD528CD9F420735D60D9B9CE18C411E0E51",
                  "comment": null,
                  "created_on": "1454054776",
                  "applied_on": "1456099199",
                  "created_by": "AEBB466920005BA2486F0FC9F9AAC10FDF77900C90146CF6",
                  "updated_on": null,
                  "updated_by": null
                },
                "item": {
                  "uuid": "54BD732E200A4DD528CD9F420735D60D9B9CE18C411E0E51",
                  "name": "Problem",
                  "value": "0.00",
                  "colour": "ff0000",
                  "is_editable": true,
                  "created_on": "1453107752",
                  "created_by": null,
                  "display_order": "1",
                  "is_target": false,
                  "has_events": null
                }
              },
              {
                "type": "student_tracker_status_type",
                "event": {
                  "uuid": "1D76441D200A8FF17AD43F45362C7003B0354E0CE05614F6",
                  "user_uuid": "EDF8BC4A20005534C195CF1748327D05F75EC9FC5642E0C4",
                  "learning_objective_uuid": "ED4FE2BB2008FDA9C8133FF462959C0968FAB98C4D1DB8F2",
                  "item_uuid": "54BD732E200A4DD528CD9F420735D60D9B9CE18C411E0E51",
                  "comment": null,
                  "created_on": "1454054774",
                  "applied_on": "1456099199",
                  "created_by": "AEBB466920005BA2486F0FC9F9AAC10FDF77900C90146CF6",
                  "updated_on": null,
                  "updated_by": null
                },
                "item": {
                  "uuid": "54BD732E200A4DD528CD9F420735D60D9B9CE18C411E0E51",
                  "name": "Problem",
                  "value": "0.00",
                  "colour": "ff0000",
                  "is_editable": true,
                  "created_on": "1453107752",
                  "created_by": null,
                  "display_order": "1",
                  "is_target": false,
                  "has_events": null
                }
              }
            ],
            "ED4FE36D2008F0BA0E740F8A4733B80CF55C145C5B8A417B": [
              {
                "type": "student_tracker_status_type",
                "event": {
                  "uuid": "1D7C4872200A823428F2DF7E39C0B30B77DCACBC5686B17C",
                  "user_uuid": "EDF8BC4A20005534C195CF1748327D05F75EC9FC5642E0C4",
                  "learning_objective_uuid": "ED4FE36D2008F0BA0E740F8A4733B80CF55C145C5B8A417B",
                  "item_uuid": "1B9BCDD0200A479A2870AF4FA9B80C0583FF0C8C740733D4",
                  "comment": null,
                  "created_on": "1454054780",
                  "applied_on": "1456099199",
                  "created_by": "AEBB466920005BA2486F0FC9F9AAC10FDF77900C90146CF6",
                  "updated_on": null,
                  "updated_by": null
                },
                "item": {
                  "uuid": "1B9BCDD0200A479A2870AF4FA9B80C0583FF0C8C740733D4",
                  "name": "All Good",
                  "value": "1.00",
                  "colour": "5bce40",
                  "is_editable": true,
                  "created_on": "1454054299",
                  "created_by": "AEBB466920005BA2486F0FC9F9AAC10FDF77900C90146CF6",
                  "display_order": "2",
                  "is_target": true,
                  "has_events": null
                }
              }
            ]
          }
        },
        "C9DC824B200A9C418704CF994FD5F40662FC79ECEFA00551": {
          "EDF8B7EC20005ACC5C40FF7D6E988801F5BAD83CBBCDB97F": {
            "ED4FE2BB2008FDA9C8133FF462959C0968FAB98C4D1DB8F2": [
              {
                "type": "student_tracker_status_type",
                "event": {
                  "uuid": "A8A868D9200A8830B097EF898409A40D9ADD24EC9988F744",
                  "user_uuid": "EDF8B7EC20005ACC5C40FF7D6E988801F5BAD83CBBCDB97F",
                  "learning_objective_uuid": "ED4FE2BB2008FDA9C8133FF462959C0968FAB98C4D1DB8F2",
                  "item_uuid": "54BD732E200A4DD528CD9F420735D60D9B9CE18C411E0E51",
                  "comment": null,
                  "created_on": "1458284712",
                  "applied_on": "1460329199",
                  "created_by": "D185D3E3200058716235DFECB7C58C0604923B9CEBE14382",
                  "updated_on": null,
                  "updated_by": null
                },
                "item": {
                  "uuid": "54BD732E200A4DD528CD9F420735D60D9B9CE18C411E0E51",
                  "name": "Problem",
                  "value": "0.00",
                  "colour": "ff0000",
                  "is_editable": true,
                  "created_on": "1453107752",
                  "created_by": null,
                  "display_order": "1",
                  "is_target": false,
                  "has_events": null
                }
              },
              {
                "type": "student_tracker_status_type",
                "event": {
                  "uuid": "9477559E200A84B71BA45F446D73CD053F7234DC097E5D47",
                  "user_uuid": "EDF8B7EC20005ACC5C40FF7D6E988801F5BAD83CBBCDB97F",
                  "learning_objective_uuid": "ED4FE2BB2008FDA9C8133FF462959C0968FAB98C4D1DB8F2",
                  "item_uuid": "1B9BCDD0200A479A2870AF4FA9B80C0583FF0C8C740733D4",
                  "comment": null,
                  "created_on": "1458279543",
                  "applied_on": "1460329199",
                  "created_by": "D185D3E3200058716235DFECB7C58C0604923B9CEBE14382",
                  "updated_on": null,
                  "updated_by": null
                },
                "item": {
                  "uuid": "1B9BCDD0200A479A2870AF4FA9B80C0583FF0C8C740733D4",
                  "name": "All Good",
                  "value": "1.00",
                  "colour": "5bce40",
                  "is_editable": true,
                  "created_on": "1454054299",
                  "created_by": "AEBB466920005BA2486F0FC9F9AAC10FDF77900C90146CF6",
                  "display_order": "2",
                  "is_target": true,
                  "has_events": null
                }
              }
            ]
          }
        }
      }
    },
    "request": {
      "url": "\/studenttracker\/getResults",
      "method": "get",
      "headers": {
        "Host": "future-demo.frogos.net",
        "X-Was-SSL": "true",
        "X-Forwarded-For": "203.34.117.5",
        "Connection": "close",
        "X-AuthType": "oauth_1_0_a",
        "Accept": "application\/json",
        "User-Agent": "FrogProgress\/39 (iPhone; iOS 9.2; Scale\/2.00)",
        "Accept-Language": "en-US;q=1",
        "Accept-Encoding": "*",
        "Authorization": "OAuth oauth_consumer_key=\"4llu4nfocc6csgkkw84oso8w45tp0z7a\", oauth_nonce=\"EB90C22A-7B53-4FDD-99E3-7CD3FC534B1D\", oauth_signature=\"skbgIgwep91kYQK4JCE7DYa%2FjS8%3D\", oauth_signature_method=\"HMAC-SHA1\", oauth_timestamp=\"1458556044\", oauth_token=\"98321a25218c203b24e22008ae86310273de9c81\", oauth_version=\"1.0\""
      },
      "params": {
        "query": {
          "sections": [
            "objectives",
            "time_periods"
          ],
          "uuid": "C8B907F3200A7C1417076FF84060340F2B1EF5BC858AD27B"
        },
        "body": {
          "sections": [
            "objectives",
            "time_periods"
          ],
          "uuid": "C8B907F3200A7C1417076FF84060340F2B1EF5BC858AD27B"
        }
      }
    }
  }